{
  "version": "1.0",
  "defaultProvider": "cdnjs",
  "libraries": [
    {
      "library": "twitter-bootstrap@4.1.0",
      "destination": "wwwroot/lib/bootstrap"
    },
    {
      "library": "jquery@3.3.1",
      "destination": "wwwroot/lib/jquery"
    },
    {
      "library": "bootstrap-datepicker@1.8.0",
      "destination": "wwwroot/lib/bootstrap-datepicker"
    },
    {
      "library": "jquery-validation-unobtrusive@3.2.9",
      "destination": "wwwroot/lib/jquery-validation-unobtrusive"
    },
    {
      "library": "popper.js@1.14.3",
      "destination": "wwwroot/lib/popper.js"
    },
    {
      "library": "font-awesome@4.7.0",
      "destination": "wwwroot/lib/font-awesome"
    }
  ]
}